file_path,SMILES
real/patent_images/WO2020132648A1_11-64.png,Cc1cc(NC(=O)c2ccc(NS(=O)(=O)CCO)cc2N2CCC3(CC2)CC3)c(F)c(N2CCC(F)(F)CC2)n1
real/patent_images/WO2020132648A1_1-6.png,Cc1cc(NC(=O)c2ccc(S(=O)(=O)NC3(C)COC3)cc2N2CCC3(CC2)CC3)nc(OCCC(F)(F)F)n1
real/patent_images/WO2020132648A1_11-60.png,Cc1cc(NC(=O)c2ccc(NS(=O)(=O)CCO)cc2N2CCC3(CC2)CC3)cc(OCCC(F)(F)F)n1
real/patent_images/WO2020132648A1_7.png,Cc1cc(NC(=O)c2ccc(NS(=O)(=O)CCO)cc2N2CCC3(CC2)CC3)nc(N2CC(F)(F)C2)n1
real/patent_images/WO2020132648A1_4.png,Cc1cc(NC(=O)c2ccc(NS(=O)(=O)CCO)cc2N2CCC3(CC2)CC3)nc(N2CCC(F)(F)CC2)n1
real/patent_images/WO2020132648A1_2.png,CC1(NS(=O)(=O)c2ccc(C(=O)Nc3ccnc(C(C)(C)O)n3)c(N3CCC4(CC3)CC4)c2)COC1
real/patent_images/WO2020132648A1_16-2.png,Cc1cc(NC(=O)c2ccc(NS(=O)(=O)[C@H](CO)CF)cc2N2CCC3(CC2)CC3)nc(N2CCC(F)(F)CC2)n1
real/patent_images/WO2020132648A1_5-2.png,Cc1cc(NC(=O)c2ccc(N[S@TB15](=O)(=O)[C@H](C)CO)cc2N2CCC3(CC2)CC3)nc(N2CCC(F)(F)CC2)n1
real/patent_images/WO2020132648A1_9-2.png,Cc1cc(NC(=O)c2cc(F)c(N[S@SP1](=O)(=O)CCO)cc2N2CCC3(CC2)CC3)nc(N2CCO[C@H](C)C2)n1
real/patent_images/WO2020132648A1_13-2.png,Cc1cc(NC(=O)c2ccc(S(=O)(=O)[C@H](C)CO)cc2N2CCC3(CC2)CC3)nc(N2CCC(F)(F)CC2)n1
real/patent_images/WO2020132648A1_5-1.png,Cc1cc(NC(=O)c2ccc(NS(=O)(=O)[C@@H](C)CO)cc2N2CCC3(CC2)CC3)nc(N2CCC(F)(F)CC2)n1
real/patent_images/WO2020132648A1_8-1.png,Cc1cc(NC(=O)c2cc(F)c(N[S@TB15](=O)(=O)[C@@H](C)CO)cc2N2CCC3(CC2)CC3)nc(N2CCC(F)(F)CC2)n1
real/patent_images/WO2025235957_808.png,[2H]Cn1nc(C(=O)NC/C=C/c2cc3c(N[C@@H]4CCN(C)C[C@@H]4F)cccc3c(C(=C)C(F)(F)F)n2)cc1C
real/patent_images/WO2025235957_868.png,[2H]C([2H])([2H])N1CC[C@@H](Nc2cccc3c(C(=C)C(F)(F)F)nc(/C=C/CNC(=O)c4ccn(C([2H])([2H])[2H])n4)cc23)[C@@H](F)C1
real/patent_images/WO2025235957_180.png,C=C(c1nc(-c2cccc(CNC(C)=O)c2)cc2c(N[C@@H]3CCN(C)C[C@@H]3F)cccc12)C(F)(F)F
real/patent_images/WO2025235957_297.png,C=C(c1nc(CCCNC(=O)c2cnn(C(C)(C)C)c2)cc2c(N[C@@H]3CN(C)C[C@H]3C#N)cccc12)C(F)(F)F
real/patent_images/WO2025235957_231.png,C=C(c1nc(N[C@@H]2CC[C@H](NC(=O)c3cnn(CC(C)(C)O)c3)C2)cc2c(N[C@@H]3CCN(C)C[C@@H]3F)cccc12)C(F)(F)F
real/patent_images/WO2025235957_132.png,C=C(c1nc(N[C@@H]2CC[C@H](NC(=O)c3ccn(CCOC)n3)C2)cc2c(N[C@@H]3CCN(C)C[C@@H]3F)cccc12)C(F)(F)F
real/patent_images/WO2025235957_219.png,C=C(c1nc(CCCNC(=O)c2cnn(C(C)(C)C)c2)cc2c(NC34CCN(CC3)CC4)cccc12)C(F)(F)F
real/patent_images/WO2025235957_781.png,C=C(c1nc(C=CCNC(=O)c2ccn(CC(F)F)n2)cc2c(N[C@@H]3CCN(C)C[C@@H]3F)cccc12)C(F)(F)F
real/patent_images/WO2025235957_801.png,[2H]C([2H])([2H])C([2H])([2H])n1ccc(C(=O)NC/C=C/c2cc3c(N[C@@H]4CCN(C)C[C@@H]4F)cccc3c(C(=C)C(F)(F)F)n2)n1
real/patent_images/WO2025235957_407.png,C=C(c1nc(/C=C/CNC(=O)C2CC2)cc2c(NC3CC4CCC(C3)C4N)cccc12)C(F)(F)F
real/patent_images/WO2025235957_353.png,C=C(c1nc(/C=C/CNC(=O)C2CC2)cc2c(N[C@@H]3CC4CCC([C@@H]3F)N4C)cccc12)C(F)(F)F
real/patent_images/WO2025235957_299.png,C=C(c1nc(CCCNC(=O)c2cnn(C(C)(C)C)c2)cc2c(NC(C)(C)CCN(C)C)cccc12)C(F)(F)F
real/patent_images/WO2025235957_880.png,[2H]C([2H])([2H])N1CC[C@@H](Nc2cccc3c(C(=C)C(F)(F)F)nc(C=CCNC(=O)C4CC4)cc23)[C@@H](F)C1
real/patent_images/WO2025235957_320.png,C=C(c1nc(C=CCNC(=O)c2cnn(CC(C)(C)O)c2)cc2c(N[C@@H]3CCN(C)C[C@@H]3F)cccc12)C(F)(F)F
real/patent_images/WO2025235957_240.png,C=C(c1nc(CCCNC(C2CC2)C(F)(F)F)cc2c(N[C@@H]3CCN(C)C[C@@H]3F)cccc12)C(F)(F)F
real/patent_images/WO2025235957_351.png,C=C(c1nc(/C=C/CNC(=O)C2CC2)cc2c(N[C@H]3CC[C@@H](N4CC5CC4CO5)CC3)cccc12)C(F)(F)F
real/patent_images/WO2025235957_800.png,C=C(c1nc(/C=C/CNC(=O)c2ccn(CC)n2)cc2c(N[C@@H]3CCN(C)C[C@@H]3F)cccc12)C(F)(F)F
real/patent_images/WO2025235957_617.png,C=C(c1nc(/C=C/CNC(=O)c2sc(C)nc2OC(F)F)cc2c(N[C@@H]3CCN(C)C[C@@H]3F)cccc12)C(F)(F)F
real/patent_images/WO2025235957_9.png,C=C(c1nc(NCCC)cc2c(NC3CCN(C)CC3)cccc12)C(F)(F)F
real/patent_images/WO2025235957_799.png,[2H]Cn1ccc(C(=O)NC/C=C/c2cc3c(N[C@@H]4CCN(C)C[C@@H]4F)cccc3c(C(=C)C(F)(F)F)n2)n1
real/patent_images/WO2025235957_958.png,[2H]C([2H])(/C=C/c1cc2c(N[C@@H]3CCN(C)C[C@@H]3F)cccc2c(C(=C)C(F)(F)F)n1)NC(=O)c1ccn(C)n1
real/patent_images/WO2025235957_206.png,C=C(c1nc(CCCNC(=O)c2cnn(C(C)(C)C)c2)cc2c(N[C@@H]3CC[C@@H](N4CCOCC4)C[C@@H]3F)cccc12)C(F)(F)F
real/patent_images/WO2025235957_286.png,C=C(c1nc(CCCNC(=O)c2cnn(C(C)(C)C)c2)cc2c(NC3CCN(C[C@@H](O)CO)CC3)cccc12)C(F)(F)F
real/patent_images/WO2025235957_802.png,C=C(c1nc(/C=C/CNC(=O)c2ccnn2C(F)(F)F)cc2c(N[C@@H]3CCN(C)C[C@@H]3F)cccc12)C(F)(F)F
real/patent_images/WO2025235957_90.png,C=C(c1nc(N[C@@H]2CC[C@H](NC(=O)c3cnn(C(C)(C)C)c3)C2)cc2c(NC3CCN(C)CC3)cccc12)C(F)(F)F
real/patent_images/WO2025235957_862.png,C=C(c1nc2cc3c(cccc13)N[C@@H]1CCN(CCCCCCCCCn3nccc3C(=O)NC/C=C/2)C[C@@H]1F)C(F)(F)F
real/patent_images/WO2025235957_419.png,C=C(c1nc(/C=C/CNC(=O)C2CC2)cc2c(NC3CC34CCN(C)CC4)cccc12)C(F)(F)F
real/patent_images/WO2025235957_112.png,C=C(c1nc(N[C@@H]2CC[C@H](NC(=O)c3ccccn3)C2)cc2c(N[C@@H]3CCN(C)C[C@@H]3F)cccc12)C(F)(F)F
real/patent_images/WO2025235957_804.png,[2H]C(C)n1nccc1C(=O)NC/C=C/c1cc2c(N[C@@H]3CCN(C)C[C@@H]3F)cccc2c(C(=C)C(F)(F)F)n1
real/patent_images/WO2025235957_501.png,C=C(c1nc(C=CCNC(=O)[C@H]2C[C@@H]2F)cc2c(N[C@@H]3CCN(C)C[C@@H]3F)cccc12)C(F)(F)F
real/patent_images/WO2025235957_858.png,CN1CC[C@@H](Nc2cccc3c(C#CC(F)F)nc(/C=C/CNC(=O)C4CC4)cc23)[C@@H](F)C1
real/patent_images/WO2025235957_285.png,C=C(c1nc(CCCNC(=O)c2cnn(C(C)(C)C)c2)cc2c(N[C@]3(C)C[C@H](N)C3)cccc12)C(F)(F)F
real/patent_images/WO2025235957_449.png,C=C(c1nc(C=CCNC(=O)c2cnn(CC(F)F)c2)cc2c(N[C@@H]3CCN(C)C[C@@H]3F)cccc12)C(F)(F)F
real/patent_images/WO2025235957_399.png,C=C(c1nc(/C=C/CNC(=O)C2CC2)cc2c(NC3C[C@H]4CCC[C@@H](C3)N4C)cccc12)C(F)(F)F
real/patent_images/WO2025235957_959.png,[2H]C([2H])(/C=C/c1cc2c(N[C@@H]3CCN(C)C[C@@H]3F)cccc2c(C(=C)C(F)(F)F)n1)NC(=O)C1CC1
real/patent_images/WO2025235957_416.png,C=C(c1nc(/C=C/CNC(=O)C2CC2)cc2c(NC3C[C@H]4CCC[C@@H](C3)N4C)cccc12)C(F)(F)F
real/patent_images/WO2025235957_221.png,C=C(c1nc(CCCNC(=O)c2cnn(C(C)(C)C)c2)cc2c(N[C@@H]3CCN(C4CCOC4)C[C@@H]3F)cccc12)C(F)(F)F
real/patent_images/WO2025235957_310.png,C=C(c1nc(/C=C/CNC(=O)[C@@H]2C[C@@H]2C)cc2c(N[C@@H]3CCN(C)C[C@@H]3F)cccc12)C(F)(F)F
real/patent_images/WO2025235957_785.png,C=C(c1nc(C=CCNC(=O)c2cc(OC(F)F)n(C)n2)cc2c(N[C@@H]3CCN(C)C[C@@H]3F)cccc12)C(F)(F)F
real/patent_images/WO2025235957_861.png,C=C(c1nc2cc3c(cccc13)N[C@@H]1CCN(CCCCCCCCCn3ccc(n3)C(=O)NC/C=C/2)C[C@@H]1F)C(F)(F)F
real/patent_images/WO_2026024861_A1_99.png,CNC(=O)c1ccc(NCC#Cc2cc3c(N[C@@H]4CC[C@@H]5CC[C@H]4N5)cccn3c2SC(F)(F)F)c(OC)c1
real/patent_images/WO_2026024861_A1_79.png,O=C(NCC#Cc1nn2c(N[C@@H]3CCN(C4CS(=O)(=O)C4)C[C@@H]3F)cccc2c1SC(F)(F)F)C1CC1
real/patent_images/WO_2026024861_A1_148.png,CN1C2CC[C@@H]1[C@H](Nc1cccn3c(SC(F)(F)F)c(C#CCNC(=O)c4cnn(C)c4)cc13)CC2
real/patent_images/WO_2026024861_A1_89.png,CNC(=O)c1ccc(OC)c(NCC#Cc2nn3c(N[C@]45CCN(CC(C)(C)O)C[C@H]4C5)cccc3c2SC(F)(F)F)c1
real/patent_images/WO_2026024861_A1_64.png,CNC(=O)NCC#Cc1nn2c(NC3CCN(C4(C)COC4)CC3)cccc2c1SC(F)(F)F
real/patent_images/WO_2026024861_A1_44.png,COc1cc(P(C)(C)=O)ccc1NCC#Cc1nc2c(N[C@@H]3CCN(C4(C)COC4)C[C@@H]3F)nccn2c1SC(F)(F)F
real/patent_images/WO_2026024861_A1_83.png,COc1cc(P(C)(C)=O)ccc1NCC#Cc1nn2c(N[C@@H]3CCC4CC[C@H]3N4C3(C)COC3)cccc2c1SC(F)(F)F
real/patent_images/WO_2026024861_A1_46.png,COc1cc(S(C)(=O)=O)ccc1NCC#Cc1nn2c(N[C@@H]3CCN(C4CS(=O)(=O)C4)C[C@@H]3F)cccc2c1SC(F)(F)F
real/patent_images/WO_2026024861_A1_185.png,CNC(=O)c1ccc(NCC#Cc2nn3c(N[C@@]45C[C@@H]4CN(C)C[C@@H]5F)cccc3c2SC(F)(F)F)c(OC)c1
real/patent_images/WO_2026024861_A1_1.png,COc1cc(P(C)(C)=O)ccc1NCC#Cc1nn2c(NC34CCN(C)CC3C4)cccc2c1SC(F)(F)F
real/patent_images/WO_2026024861_A1_11.png,CC(C)(O)Cn1cc(C(=O)NCC#Cc2nn3c(N[C@@H]4CCN(C5(C)COC5)C[C@@H]4F)cccc3c2SC(F)(F)F)cn1
real/patent_images/WO_2026024861_A1_85.png,CC(C)(C)n1cc(C(=O)NCC#Cc2nc3c(N[C@@H]4CCN(C5(C#N)COC5)C[C@@H]4F)cccn3c2SC(F)(F)F)cn1
real/patent_images/WO_2026024861_A1_128.png,COCCN1CC[C@@]2(Nc3cccc4c(SC(F)(F)F)c(C#CCNC(=O)c5cnn(C)c5)nn34)C[C@H]2C1
real/patent_images/WO_2026024861_A1_29.png,COc1cc(S(C)(=O)=O)ccc1NCC#Cc1nn2c(NC3CCN(C4(C)COC4)CC3)cccc2c1SC(F)(F)F
real/patent_images/WO_2026024861_A1_57.png,CN1[C@H]2CC[C@@H]1[C@H](Nc1cccc3c(SC(F)(F)F)c(C#CCNC(=O)c4cnn(C)c4)nn13)CC2
real/patent_images/WO_2026024861_A1_3.png,COc1cc(P(C)(C)=O)ccc1NCC#Cc1nn2c(NC34CCCC(N5CC6(COC6)C5)(C3)C4)cccc2c1SC(F)(F)F
real/patent_images/WO_2026024861_A1_4.png,O=C(NCC#Cc1nn2c(NC34CCCC(N5CC6(COC6)C5)(C3)C4)cccc2c1SC(F)(F)F)c1cnn(C2CC2)c1
real/patent_images/WO_2026024861_A1_157.png,CNC(=O)c1ccc(OC)c(NCC#Cc2nn3c(N[C@]45CCN(CCO)C[C@H]4C5)cccc3c2SC(F)(F)F)c1
real/patent_images/WO_2026024861_A1_7.png,CC(=O)NCC#Cc1nn2c(NC34CCCC(N)(C3)C4)cccc2c1SC(F)(F)F
real/patent_images/WO_2026024861_A1_150.png,CNC(=O)[C@@H]1C[C@H]1C(=O)NCC#Cc1cc2c(N[C@@H]3CC[C@@H]4CC[C@H]3N4C)cccn2c1SC(F)(F)F
real/patent_images/WO_2026024861_A1_102.png,CNC(=O)c1ccc(NCC#Cc2nn3c(N[C@@H]4CC[C@@H]5CC[C@H]4N5CC(=O)N(C)C)cccc3c2SC(F)(F)F)c(OC)c1
real/patent_images/WO_2026024861_A1_156.png,CNC(=O)c1ccc(OC)c(NCC#Cc2nn3c(N[C@]45CCN(CCO)C[C@@H]4C5)cccc3c2SC(F)(F)F)c1
real/patent_images/WO_2026024861_A1_51.png,CC(=O)NCC#Cc1nn2c(N[C@]34C[C@@H]5CC[C@H]([C@H]3C4)N5C)cccc2c1SC(F)(F)F
real/patent_images/WO_2026024861_A1_100.png,COc1cc(P(C)(C)=O)ccc1NCC#Cc1cc2c(N[C@@H]3CC[C@@H]4CC[C@H]3N4CCF)cccn2c1SC(F)(F)F
real/patent_images/WO_2026024861_A1_86.png,CC1(N2CC[C@@H](Nc3cccn4c(SC(F)(F)F)c(C#CCNC(=O)c5cnn(C(C)(C)C)c5)nc34)[C@@H](F)C2)COC1
real/patent_images/WO_2026024861_A1_125.png,CN1CC[C@]2(Nc3cccc4c(SC(F)(F)F)c(C#CCNC(=O)c5cnn(C6COC6)c5)nn34)C[C@@H]2C1
real/patent_images/WO_2026024861_A1_33.png,CC(C)(C)n1cc(C(=O)NCC#Cc2nn3c(NC4CCN(C5(C#N)COC5)CC4)cccc3c2SC(F)(F)F)cn1
real/patent_images/WO_2026024861_A1_90.png,CNC(=O)c1ccc(OC)c(NCC#Cc2nn3c(N[C@@]45CCN(CC(C)(C)O)C[C@@H]4C5)cccc3c2SC(F)(F)F)c1
real/patent_images/WO_2026024861_A1_186.png,CNC(=O)c1ccc(NCC#Cc2nn3c(N[C@]45C[C@H]4CN(C)C[C@H]5F)cccc3c2SC(F)(F)F)c(OC)c1
real/patent_images/WO_2026024861_A1_38.png,CN(C)C12CCC(Nc3cccc4c(SC(F)(F)F)c(C#CCNC(=O)c5cnn(CC(C)(C)O)c5)nn34)(C1)C2
real/patent_images/WO_2026024861_A1_75.png,COc1cc(P(C)(C)=O)ccc1NCC#Cc1nn2c(NC34CCC(N5CC6(COC6)C5)(C3)C4)cccc2c1SC(F)(F)F
real/patent_images/WO_2026024861_A1_143.png,COc1cc(C(=O)NC[C@@H](C)O)ccc1NCC#Cc1nn2c(N[C@@]34CCN(C5CS(=O)(=O)C5)C[C@@H]3C4)cccc2c1SC(F)(F)F
real/patent_images/Compound_101_WO2026024861.png,CNC(=O)c1ccc(OC)c(NCC#Cc2nn3c(N[C@@H]4CC[C@H]5CC[C@H]4N5CCO)cccc3c2SC(F)(F)F)c1
real/patent_images/Compound_103_WO2026024861.png,CNC(=O)CN1[C@H]2CC[C@@H]1[C@H](Nc1cccc3c(SC(F)(F)F)c(C#CCNC(=O)c4cnn(C)c4)nn13)CC2
real/patent_images/Compound_105_WO2026024861.png,Cn1cc(C(=O)NCC#Cc2nn3c(N[C@@H]4CC[C@@H]5CC[C@H]4N5CCC#N)cccc3c2SC(F)(F)I)cn1
real/patent_images/Compound_106_WO2026024861.png,Cn1cc(C(=O)NCC#Cc2nn3c(N[C@@H]4CC[C@@H]5CC[C@H]4N5CCO)cccc3c2SC(F)(F)F)cn1
real/patent_images/Compound_107_WO2026024861.png,Cn1cc(C(=O)NCC#Cc2nn3c(N[C@@H]4CC[C@@H]5CC[C@H]4N5CCS(C)(=O)=O)cccc3c2SC(F)(F)F)cn1
real/patent_images/Compound_108_WO2026024861.png,CN(C)CC(=O)N1[C@H]2CC[C@@H]1[C@H](Nc1cccc3c(SC(F)(F)F)c(C#CCNC(=O)c4cnn(C)c4)nn13)CC2
real/patent_images/Compound_109_WO2026024861.png,CNC(=O)CCN1[C@H]2CC[C@@H]1[C@H](Nc1cccc3c(SC(F)(F)F)c(C#CCNC(=O)c4cnn(C)c4)nn13)CC2
real/patent_images/Compound_110_WO2026024861.png,CNC(=O)CN1[C@@H]2CC[C@@H]1[C@H](Nc1cccc3c(SC(F)(F)F)c(C#CCNc4cc(C(=O)NC)ccc4OC)nn13)CC2
real/patent_images/Compound_115_WO2026024861.png,CC(C)(O)Cn1cc(C(=O)NCC#Cc2nn3c(N[C@@H]4CC[C@@H]5CC[C@H]4N5)cccc3c2SC(F)(F)F)cn1
real/patent_images/Compound_119_WO2026024861.png,Cn1cc(C(=O)NCC#Cc2nn3c(N[C@@H]4CC[C@H]5CC[C@H]4N5CCF)cccc3c2SC(F)(F)F)cn1
real/patent_images/Compound_122_WO2026024861.png,CNC(=O)c1ccc(OC)c(NCC#Cc2cc3c(N[C@@]45CCN(C)C[C@@H]4C5)cccn3c2SC(F)(F)F)c1
real/patent_images/Compound_123_WO2026024861.png,CNC(=O)c1ccc(OC)c(NCC#Cc2cc3c(N[C@]45CCN(C)C[C@H]4C5)cccn3c2SC(F)(F)F)c1
real/patent_images/Compound_130_WO2026024861.png,CC(=O)NCC#Cc1nn2c(N[C@@H]3CC[C@@H]4CC[C@H]3N4)cccc2c1SC(F)(F)F
real/patent_images/Compound_131_WO2026024861.png,O=C(NCC#Cc1nn2c(N[C@@H]3CC[C@@H]4CC[C@H]3N4)cccc2c1SC(F)(F)F)c1cnn(C2CC2)c1
real/patent_images/Compound_133_WO2026024861.png,CN1[C@H]2CC[C@@H]1[C@H](Nc1cccc3c(SC(F)(F)F)c(C#CCNC(=O)c4cnn(C)c4)nn13)CC2
real/patent_images/Compound_134_WO2026024861.png,CN1[C@H]2CC[C@@H]1[C@@]1(Nc3nccn4c(SC(F)(F)F)c(C#CCNC(=O)c5cnn(C)c5)cc34)CC1C2
real/patent_images/Compound_135_WO2026024861.png,Cc1ncc(C(=O)NCC#Cc2cc3c(N[C@@H]4CC[C@@H]5CC[C@H]4N5C)nccn3c2SC(F)(F)F)s1
real/patent_images/Compound_136_WO2026024861.png,CNC(=O)c1ccc(NCC#Cc2nn3c(N[C@@H]4CC[C@@H]5CC[C@H]4N5C)cccc3c2SC(F)(F)F)c(OC)c1
real/patent_images/Compound_137_WO2026024861.png,COc1cc(C(=O)NC[C@@H](C)O)ccc1NCC#Cc1nn2c(N[C@@]34CCN(C)C[C@@H]3C4)cccc2c1SC(F)(F)F
real/patent_images/Compound_138_WO2026024861.png,COc1cc(C(=O)NC[C@@H](C)O)ccc1NCC#Cc1nn2c(N[C@]34CCN(C)C[C@H]3C4)cccc2c1SC(F)(F)F
real/patent_images/Compound_141_WO2026024861.png,CNC(=O)c1ccc(NCC#Cc2nn3c(N[C@@]45CCN(C6C[S@SP1](=O)(=O)C6)C[C@@H]4C5)cccc3c2SC(F)(F)F)c(OC)c1
real/patent_images/Compound_142_WO2026024861.png,CNC(=O)c1ccc(NCC#Cc2nn3c(N[C@]45CCN(C6C[S@SP1](=O)(=O)C6)C[C@H]4C5)cccc3c2SC(F)(F)F)c(OC)c1
real/patent_images/Compound_147_WO2026024861.png,Cn1cc(C(=O)NCC#Cc2cc3c(N[C@@H]4CC[C@@H]5CC[C@H]4N5)cccn3c2SC(F)(F)F)cn1
real/patent_images/Compound_151_WO2026024861.png,CNC(=O)[C@H]1C[C@@H]1C(=O)NCC#Cc1cc2c(N[C@@H]3CC[C@@H]4CC[C@H]3N4C)cccn2c1SC(F)(F)F
real/patent_images/Compound_152_WO2026024861.png,COc1cc(C(=O)N2CC(C)(O)C2)ccc1NCC#Cc1cc2c(N[C@@H]3CC[C@H]4CC[C@H]3N4C)cccn2c1SC(F)(F)F
real/patent_images/Compound_154_WO2026024861.png,COc1cc(C(=O)NC2(C)COC2)ccc1NCC#Cc1cc2c(N[C@@H]3CC[C@H]4CC[C@H]3N4C)cccn2c1SC(F)(F)F
real/patent_images/Compound_155_WO2026024861.png,COc1cc(C(=O)NC[C@@H](C)O)ccc1NCC#Cc1cc2c(N[C@@H]3CCC4CC[C@H]3N4C)cccn2c1SC(F)(F)F
real/patent_images/Compound_160_WO2026024861.png,COc1ccc(C(=O)NC[C@@H](C)O)cc1NCC#Cc1nn2c(N[C@@H]3CCC4CC[C@H]3N4C)cccc2c1SC(F)(F)F
real/patent_images/Compound_161_WO2026024861.png,COc1cc(C(=O)N(C)C)ccc1NCC#Cc1nn2c(N[C@@H]3CC[C@H]4CC[C@H]3N4C)cccc2c1SC(F)(F)F
real/patent_images/Compound_162_WO2026024861.png,COc1cc(C(=O)N(C)C)ccc1NCC#Cc1nn2c(N[C@@H]3CC[C@H]4CC[C@H]3N4CCO)cccc2c1SC(F)(F)F
real/patent_images/Compound_163_WO2026024861.png,Cc1ncc(C(=O)NCC#Cc2nn3c(N[C@@H]4CC[C@@H]5CC[C@H]4N5C)cccc3c2SC(F)(F)F)s1
real/patent_images/Compound_164_WO2026024861.png,COc1cc([P@SP3](C)(C)=O)ccc1NCC#Cc1nn2c(N[C@@H]3CC[C@@H]4CC[C@H]3N4)cccc2c1SC(F)(F)F
real/patent_images/Compound_165_WO2026024861.png,CNC(=O)c1ccc(OC)c(NCC#Cc2cc3c(N[C@@H]4CC[C@H]5CC[C@H]4N5C)nccn3c2SC(F)(F)F)c1
real/patent_images/Compound_166_WO2026024861.png,CNC(=O)c1ccc(NCC#Cc2nc3c(N[C@@H]4CC[C@@H]5CC[C@H]4N5)nccn3c2SC(F)(F)F)c(OC)c1
real/patent_images/Compound_167_WO2026024861.png,CNC(=O)c1ccc(NCC#Cc2nc3c(N[C@@H]4CC[C@@H]5CC[C@H]4N5C)nccn3c2SC(F)(F)F)c(OC)c1
real/patent_images/Compound_168_WO2026024861.png,CNC(=O)c1ccc(OC)c(NCC#Cc2nc3c(N[C@@H]4CC[C@@H]5CC[C@H]4N5C)nccn3c2SC(F)(F)F)c1
real/patent_images/Compound_169_WO2026024861.png,Cc1ncc(C(=O)NCC#Cc2nc3c(N[C@@H]4CC[C@@H]5CC[C@H]4N5C)nccn3c2SC(F)(F)F)s1
real/patent_images/Compound_171_WO2026024861.png,CNC(=O)c1ccc(NCC#Cc2cc3c(N[C@@H]4CC[C@@H]5CC[C@H]4N5CCF)cccn3c2SC(F)(F)F)c(OC)c1
real/patent_images/Compound_189_WO2026024861.png,CN1[C@H]2CC[C@@H]1[C@H](Nc1nccn3c(SC(F)(F)F)c(C#CCNC(=O)c4cnn(C(C)(C)C)c4)nc13)CC2
real/patent_images/Compound_190_WO2026024861.png,CNC(=O)c1ccc(OC)c(NCC#Cc2nc3c(N[C@@H]4CC[C@@H]5CC[C@H]4N5)nccn3c2SC(F)(F)F)c1
real/patent_images/Compound_53_WO2026024861.png,CC(=O)NCC#Cc1nn2c(N[C@@H]3CC[C@@H]4CC[C@H]3N4C)cccc2c1SC(F)(F)F
real/patent_images/Compound_54_WO2026024861.png,CN1[C@H]2CC[C@@H]1[C@H](Nc1cccc3c(SC(F)(F)F)c(C#CCNC(=O)c4cnn(C5CC5)c4)nn13)CC2
real/patent_images/Compound_55_WO2026024861.png,CNC(=O)NCC#Cc1nn2c(N[C@@H]3CC[C@@H]4CC[C@H]3N4C)cccc2c1SC(F)(F)F
real/patent_images/Compound_56_WO2026024861.png,Cc1ncc(C(=O)NCC#Cc2nn3c(N[C@@H]4CC[C@@H]5CC[C@H]4N5C)cccc3c2SC(F)(F)F)s1
real/patent_images/Compound_68_WO2026024861.png,Cn1cc(C(=O)NCC#Cc2nn3c(NC45CCN(C6(C)COC6)CC4C5)cccc3c2SC(F)(F)F)cn1
real/patent_images/Compound_71_WO2026024861.png,Cn1cc(C(=O)NCC#Cc2nn3c(NC45CCN(C6(C)COC6)CC4C5)cccc3c2SC(F)(F)F)cn1
real/patent_images/Compound_72_WO2026024861.png,Cn1cc(C(=O)NCC#Cc2cc3c(NC45CCN(C6(C)COC6)CC4C5)nccn3c2SC(F)(F)F)cn1
real/patent_images/Compound_76_WO2026024861.png,COc1cc([P@SP3](C)(C)=O)ccc1NCC#Cc1nn2c(NC34CCCC(N)(C3)C4)cccc2c1SC(F)(F)F
real/patent_images/Compound_77_WO2026024861.png,COc1cc([P@SP3](C)(C)=O)ccc1NCC#Cc1nn2c(NC34CCC(N)(C3)C4)cccc2c1SC(F)(F)F
real/patent_images/Compound_82_WO2026024861.png,COc1cc([P@SP3](C)(C)=O)ccc1NCC#Cc1nn2c(N[C@@H]3CCC4CC[C@H]3N4C)cccc2c1SC(F)(F)F
real/patent_images/Compound_88_WO2026024861.png,CNC(=O)c1ccc(OC)c(NCC#Cc2nn3c(N[C@@H]4CCC5CC[C@H]4N5C)cccc3c2SC(F)(F)F)c1
real/patent_images/Compound_91_WO2026024861.png,CNC(=O)c1ccc(OC)c(NCC#Cc2nn3c(N[C@@]45CCN(C)C[C@@H]4C5)cccc3c2SC(F)(F)F)c1
real/patent_images/Compound_92_WO2026024861.png,CNC(=O)c1ccc(OC)c(NCC#Cc2nn3c(N[C@]45CCN(C)C[C@H]4C5)cccc3c2SC(F)(F)F)c1
real/patent_images/Compound_93_WO2026024861.png,COc1cc(C(=O)NC[C@@H](C)O)ccc1NCC#Cc1cc2c(N[C@@H]3CCC4CC[C@H]3N4C)nccn2c1SC(F)(F)F
real/patent_images/Compound_94_WO2026024861.png,COc1cc(C(=O)N2CC(C)(O)C2)ccc1NCC#Cc1cc2c(N[C@@H]3CCC4CC[C@H]3N4C)nccn2c1SC(F)(F)F
real/patent_images/Compound_95_WO2026024861.png,COc1cc(C(=O)NC2COC2)ccc1NCC#Cc1cc2c(N[C@@H]3CCC4CC[C@H]3N4C)nccn2c1SC(F)(F)F
real/patent_images/Compound_96_WO2026024861.png,COc1cc(C(=O)NC2(C)COC2)ccc1NCC#Cc1cc2c(N[C@@H]3CCC4CC[C@H]3N4C)nccn2c1SC(F)(F)F
real/patent_images/Compound_97_WO2026024861.png,COc1cc([P@SP1](C)(C)=O)ccc1NCC#Cc1cc2c(N[C@@H]3CC[C@@H]4CC[C@H]3N4)cccn2c1SC(F)(F)F
real/patent_images/Cpd1_WO2026011032A1.png,CNC(=O)c1ccc2c(c1)OCCOCCN(C)[C@@H]1CC[C@@H](Nc3cccn4c(SC(F)(F)F)c(cc34)C#CCN2)[C@@H](F)C1
real/patent_images/Cpd2_WO2026011032A1.png,CNC(=O)c1ccc2c(c1)OCCOCCOCCN(C)[C@@H]1CC[C@@H](Nc3cccn4c(SC(F)(F)F)c(cc34)C#CCN2)[C@@H](F)C1
real/patent_images/Cpd3_WO2026011032A1.png,CNC(=O)c1ccc2c(c1)OCCn1cc(cn1)C(=O)N1CC[C@@H](Nc3cccn4c(SC(F)(F)F)c(cc34)C#CCN2)[C@@H](F)C1
real/patent_images/Cpd4_WO2026011032A1.png,CNC(=O)c1ccc2c(c1)OCCOCCn1cc(cn1)C(=O)N1CC[C@@H](Nc3cccn4c(SC(F)(F)F)c(cc34)C#CCN2)[C@@H](F)C1
real/patent_images/Cpd5_WO2026011032A1.png,CNC(=O)c1ccc2c(c1)OCCOCCNC(=O)N1CC[C@@H](Nc3cccn4c(SC(F)(F)F)c(cc34)C#CCN2)[C@@H](F)C1
real/patent_images/Cpd6_WO2026011032A1.png,CNC(=O)c1ccc2c(c1)OCCNC(=O)CN1CC[C@@H](Nc3cccn4c(SC(F)(F)F)c(cc34)C#CCN2)[C@@H](F)C1
real/patent_images/Cpd7_WO2026011032A1.png,CNC(=O)c1ccc2c(c1)OCCCCCN1CC[C@@H](Nc3cccn4c(SC(F)(F)F)c(cc34)C#CCN2)[C@@H](F)C1
real/patent_images/Cpd8_WO2026011032A1.png,CNC(=O)c1ccc2c(c1)OCC(=O)NCCN1CC[C@@H](Nc3cccn4c(SC(F)(F)F)c(cc34)C#CCN2)[C@@H](F)C1
real/patent_images/Cpd9_WO2026011032A1.png,CNC(=O)c1ccc2c(c1)OC1CN(C1)C(=O)NCCOCCN1CC[C@@H](Nc3cccn4c(SC(F)(F)F)c(cc34)C#CCN2)[C@@H](F)C1
real/patent_images/Cpd10_WO2026011032A1.png,CNC(=O)c1ccc2c(c1)OC1CN(CCOCCN3CC[C@@H](Nc4cccn5c(SC(F)(F)F)c(cc45)C#CCN2)[C@@H](F)C3)C1
real/patent_images/Cpd11_WO2026011032A1.png,CNC(=O)c1ccc2c(c1)OCCOCCN1CC[C@@H](Nc3cccn4c(SC(F)(F)F)c(cc34)C#CCN2)[C@@H](F)C1
real/patent_images/Cpd12_WO2026011032A1.png,CNC(=O)c1ccc2c(c1)OC1CN(CCOCCOCCN3CC[C@@H](Nc4cccn5c(SC(F)(F)F)c(cc45)C#CCN2)[C@@H](F)C3)C1
real/patent_images/Cpd13_WO2026011032A1.png,CNC(=O)c1ccc2c(c1)C(=O)NCCOCCOCCN1CC[C@@H](Nc3cccn4c(SC(F)(F)F)c(cc34)C#CCN2)[C@@H](F)C1
real/patent_images/Cpd25_WO2026011032A1.png,COc1cc2ccc1NCC#Cc1cc3c(cccn3c1SC(F)(F)F)N[C@@H]1CCN(CCOCCOCCNC2=O)C[C@@H]1F
real/patent_images/Cpd26_WO2026011032A1.png,COc1cc2ccc1NCC#Cc1cc3c(cccn3c1SC(F)(F)F)N[C@@H]1CCN(CCCC(=O)N3CCP2(=O)CC3)C[C@@H]1F
real/patent_images/Cpd27_WO2026011032A1.png,COc1cc2ccc1NCC#Cc1cc3c(cccn3c1SC(F)(F)F)N[C@@H]1CCN(CCCCCCNC2=O)C[C@@H]1F
real/patent_images/Cpd28_WO2026011032A1.png,COc1cc2ccc1NCC#Cc1cc3c(cccn3c1SC(F)(F)F)N[C@@H]1CCN(CCCCNC2=O)C[C@@H]1F
real/patent_images/Cpd29_WO2026011032A1.png,COc1cc2ccc1NCC#Cc1cc3c(cccn3c1SC(F)(F)F)N[C@@H]1CCN(CCOCCOCCOCCN3CCP2(=O)CC3)C[C@@H]1F
real/patent_images/Cpd30_WO2026011032A1.png,COc1cc2ccc1NCC#Cc1cc3c(cccn3c1SC(F)(F)F)N[C@@H]1CCN(CCOCCOCCOCCNC2=O)C[C@@H]1F
real/patent_images/Cpd32_WO2026011032A1.png,O=C1NCc2nc(no2)-c2cc3c(cccn3c2SC(F)(F)F)N[C@@H]2CCN(CC3CCN(CC3)c3ncc1o3)C[C@@H]2F
real/patent_images/Cpd37_WO2026011032A1.png,O=C1NCc2nc(no2)-c2cc3c(cccn3c2SC(F)(F)F)N[C@@H]2CCN(C[C@@H]2F)C(=O)C2CN(C2)c2ncc1o2
